TimeStamp(HH:MM:SS),CO2(PPM),Humidity(%RH),Temperature(Deg C),Light Level (Lux)
01:01:01,100,50,25,1000
01:01:02,200,51,26,1100
01:01:02,300,52,27,1200
0:0:1,450,0,0.0,747.187
0:0:3,450,0,0.0,696.811
0:0:6,450,0,0.0,616.232
0:0:7,450,0,0.0,714.482
0:0:9,450,0,0.0,13.842
0:0:10,450,0,0.0,812.546
0:0:12,450,0,0.0,832.932
0:0:13,450,0,0.0,868.287
0:0:15,450,0,0.0,882.270
0:0:18,450,0,0.0,896.788
0:0:19,450,0,0.0,607.456
0:0:20,704,51,23.3,577.679
0:0:22,766,53,21.9,576.117
0:0:25,827,53,21.4,581.333
0:0:29,870,53,21.4,571.935
0:0:34,903,53,21.5,552.360
0:0:40,928,53,21.5,555.848
0:0:47,940,52,21.7,556.004
0:0:55,972,52,21.7,542.683
0:1:4,994,52,21.8,551.738
0:1:14,1004,52,21.7,552.921
0:1:25,1014,52,21.9,559.213
0:1:37,1016,52,22.0,558.465
0:1:50,1038,52,22.1,561.082
0:2:4,1053,51,22.1,560.023
0:2:19,1066,51,22.1,555.599
0:2:35,1076,51,22.1,552.983
0:2:52,1073,50,22.0,542.403
0:3:10,1056,50,22.0,560.023
0:3:29,1056,49,21.7,558.652
0:3:49,1056,48,21.7,564.854
0:4:10,1044,47,21.5,564.449
0:4:32,1034,47,21.5,565.197
0:4:55,1037,46,21.3,561.145
0:5:19,1031,46,21.0,556.440
0:5:44,1023,45,21.1,568.472
0:6:10,1014,45,21.1,572.122
0:6:37,1008,45,21.1,577.429
0:7:5,999,45,21.1,580.364
0:7:34,1000,45,21.0,581.989
0:8:4,998,45,21.2,582.051
0:8:35,996,46,21.1,575.243
0:9:7,985,46,21.3,570.094
0:9:40,962,47,21.3,559.773
0:10:14,955,47,21.4,579.178
0:10:49,953,48,21.4,583.363
0:11:25,949,48,21.4,583.551
0:12:2,949,49,21.4,584.238
0:12:40,947,49,21.6,582.176
0:13:19,938,50,21.5,578.647
0:13:59,935,50,21.5,577.741
0:14:40,930,50,21.5,562.267
0:15:22,934,51,21.6,589.990
0:16:5,948,51,21.7,581.801
0:16:49,963,52,21.7,568.472
0:17:34,966,52,21.8,591.429
0:18:20,979,52,22.0,568.878
0:19:7,986,52,22.0,574.494
0:19:55,989,53,22.1,574.682
0:20:44,988,53,22.0,577.366
0:21:34,980,53,22.0,575.618
0:22:25,978,53,22.2,569.439
0:23:17,974,53,22.0,558.371
1:0:10,980,53,22.0,561.643
1:1:4,1001,53,21.9,564.324
1:1:59,1009,53,21.9,563.919
1:2:55,1030,53,21.8,565.759
1:3:52,1047,52,21.8,557.156
1:4:50,1057,52,21.7,555.848
1:5:49,1072,50,22.0,555.692
1:6:49,1082,49,22.3,555.661
1:7:50,1071,49,22.3,561.456
1:8:52,1064,48,22.2,558.683
1:9:55,1082,47,22.3,565.260
1:10:59,1091,46,22.6,565.197
1:12:4,1103,46,22.2,571.779
1:13:10,1113,46,22.3,573.589
1:14:17,1122,45,22.3,573.932
1:15:25,1130,45,22.4,571.841
1:16:34,1139,45,22.4,562.516
1:17:44,1152,45,22.5,567.973
1:18:55,1160,44,22.5,566.944
1:20:7,1163,44,22.4,554.291
1:21:20,1174,45,22.4,551.395
1:22:34,1192,45,22.4,541.905
1:23:49,1201,45,22.3,541.843
2:1:5,1215,46,22.3,544.269
2:2:22,1219,46,22.3,553.606
2:3:40,1232,47,22.3,542.714
2:4:59,1239,47,22.6,541.252
2:6:19,1252,48,22.5,545.233
2:7:40,1257,48,22.6,545.233
2:9:2,1266,48,22.7,537.553
2:10:25,1274,49,22.7,535.129
2:11:49,1286,49,22.8,521.530
2:13:14,1291,49,22.8,523.888
2:14:40,1285,49,22.8,517.467
2:16:7,1279,50,22.8,517.684
2:17:35,1278,50,22.8,531.836
2:19:4,1276,50,22.5,529.786
2:20:34,1244,50,22.5,538.174
2:22:5,1241,50,22.3,534.694
2:23:37,1234,50,22.1,531.152
3:1:10,1260,50,22.2,522.771
3:2:44,1250,49,22.3,517.560
3:4:19,1248,48,22.7,521.096
3:5:55,1248,47,22.7,516.196
3:7:32,1248,47,22.7,524.074
3:9:10,1249,46,22.5,521.468
3:10:49,1263,45,22.4,520.537
3:12:29,1268,45,22.6,512.724
3:14:10,1278,44,22.6,510.679
3:15:52,1278,45,22.3,509.254
3:17:35,1273,44,22.2,501.698
3:19:19,1273,44,22.0,504.670
3:21:4,1267,44,22.0,503.215
3:22:50,1268,45,21.9,503.927
4:0:37,1267,45,21.9,493.501
4:2:25,1256,46,21.8,489.791
4:4:14,1256,46,21.8,486.052
4:6:4,1253,47,21.8,482.655
4:7:55,1250,47,21.9,473.581
4:9:47,1247,48,21.8,467.198
4:11:40,1250,49,21.9,472.532
4:13:34,1250,49,22.0,468.524
4:15:29,1238,50,22.1,471.114
4:17:25,1239,50,22.0,471.422
4:19:22,1243,51,22.0,460.944
4:21:20,1238,51,22.1,461.067
4:23:19,1239,51,22.1,460.266
5:1:19,1231,52,22.2,462.299
5:3:20,1231,52,22.0,460.759
5:5:22,1229,53,22.0,462.669
5:7:25,1226,53,22.1,465.965
5:9:29,1217,53,22.2,461.283
5:11:34,1215,53,22.2,467.137
5:13:40,1218,54,22.1,463.654
5:15:47,1218,54,22.1,468.585
5:17:55,1210,54,22.2,468.431
5:20:4,1206,55,22.2,472.193
5:22:14,1204,55,22.2,472.440
6:0:25,1200,55,22.2,476.388
6:2:37,1201,55,22.3,487.597
6:4:50,1205,55,22.3,497.583
6:7:4,1221,55,22.4,486.670
6:9:19,1230,55,22.2,492.171
6:11:35,1208,55,22.2,495.170
6:13:52,1157,55,22.2,497.738
6:16:10,1109,55,21.9,507.519
6:18:29,1117,54,21.8,508.324
6:20:49,1115,54,21.7,515.514
6:23:10,1114,53,21.8,509.501
7:1:32,1124,52,21.9,511.484
7:3:55,1125,51,22.0,510.214
7:6:19,1128,50,22.0,508.200
7:8:44,1138,49,21.9,508.851
7:11:10,1145,49,22.2,513.592
7:13:37,1157,48,22.2,510.214
7:16:5,1168,48,22.4,512.600
7:18:34,1178,48,22.1,509.718
7:21:4,1190,48,22.1,480.864
7:23:35,1207,48,22.1,447.219
8:2:7,1221,48,22.1,437.294
8:4:40,1222,49,22.2,440.150
8:7:14,1223,49,22.4,480.493
8:9:49,1218,49,22.2,487.442
8:12:25,1222,49,22.6,494.552
8:15:2,1240,50,22.5,496.067
8:17:40,1251,50,22.5,65.697
8:20:19,1267,51,22.1,10.545
8:22:59,1297,52,22.9,267.032
9:1:40,1309,52,23.6,262.408
9:4:22,1322,53,24.1,265.891
9:7:5,1337,52,24.4,272.321
9:9:49,1324,51,24.5,264.329
9:12:34,1324,51,24.4,248.912
9:15:20,1335,49,24.7,240.827
9:18:7,1333,48,24.8,246.396
9:20:56,1308,47,24.5,238.493
9:23:45,1298,47,24.2,232.392
10:2:35,1262,46,23.8,226.176
10:5:26,1226,46,23.6,246.216
10:8:18,1222,46,23.8,226.654
10:11:11,1217,45,24.1,223.967
10:14:5,1245,45,24.4,218.684
10:17:0,1235,45,24.3,222.145
10:19:56,1212,45,24.0,219.071
10:22:53,1212,45,23.6,230.090
11:1:51,1203,45,23.6,236.967
11:4:50,1198,45,23.6,229.642
11:7:50,1192,45,23.7,223.011
11:10:51,1171,45,23.7,220.056
11:13:53,1174,45,23.7,217.132
11:16:56,1169,45,23.5,205.300
11:20:0,1169,45,23.5,207.057
11:23:5,1158,45,23.2,204.228
12:2:11,1161,45,23.5,208.815
12:5:18,1167,44,24.0,216.416
12:8:26,1185,44,24.2,201.786
12:11:35,1210,44,24.3,211.020
12:14:45,1229,44,24.6,216.506
12:17:56,1223,44,24.6,218.236
12:21:8,1206,44,24.6,211.377
13:0:21,1198,43,25.0,214.776
13:3:35,1128,44,24.5,340.324
13:6:50,1207,44,24.4,345.118
13:10:6,1283,44,24.9,355.445
13:13:23,1306,43,25.5,348.154
13:16:41,1339,42,26.0,350.431
13:20:0,1322,41,26.5,350.097
13:23:20,1303,40,26.8,348.093
14:2:41,1279,40,27.0,330.563
14:6:3,1266,39,27.0,323.961
14:9:26,1251,38,26.9,313.556
14:12:50,1239,37,26.9,300.872
14:16:15,1236,37,26.9,295.201
14:19:41,1231,36,27.0,283.632
14:23:8,1218,35,26.9,283.993
15:2:36,1208,35,26.8,276.049
15:6:5,1204,34,26.6,272.261
15:9:35,1186,34,26.5,269.015
15:13:6,1176,34,26.5,262.018
15:16:38,1172,34,26.2,265.350
15:20:11,1170,35,26.1,259.647
15:23:45,1166,35,25.9,248.672
16:3:20,1159,35,25.9,244.299
16:6:56,1156,35,25.9,239.899
16:10:33,1148,35,25.7,248.672
16:14:11,1147,35,25.8,234.604
16:17:50,1143,35,25.8,229.821
16:21:30,1140,36,25.7,227.909
17:1:11,1134,36,25.5,229.164
17:4:53,1131,36,25.5,221.698
17:8:36,1121,36,25.3,227.521
17:12:20,1116,36,25.3,217.401
17:16:5,1112,36,25.1,220.146
17:19:51,1109,36,25.1,216.029
17:23:38,1103,37,25.1,211.437
18:3:26,1102,37,24.9,213.017
18:7:15,1100,37,24.7,207.682
18:11:5,1087,38,24.5,207.087
18:14:56,1087,38,24.4,205.210
18:18:48,1083,39,24.3,202.084
18:22:41,1083,40,24.2,199.465
19:2:35,1081,40,24.1,194.379
19:6:30,1079,41,24.1,190.723
19:10:26,1077,41,24.0,193.100
19:14:23,1070,42,24.0,189.712
19:18:21,1065,42,24.0,181.931
19:22:20,1066,43,23.8,176.235
20:2:20,1066,43,23.6,181.694
20:6:21,1064,44,23.6,179.854
20:10:23,1052,44,23.6,188.643
20:14:26,1049,44,23.5,183.327
20:18:30,1048,45,23.4,168.884
20:22:35,1033,45,23.4,175.405
20:22:36,1141,61,20.4,58.759
20:22:38,1162,64,19.8,59.574
20:22:41,1187,64,19.8,57.127
20:22:45,1202,64,20.0,58.351
20:22:50,1205,64,20.0,57.593
20:22:56,1199,64,20.0,55.554
20:23:3,1183,64,20.0,57.069
20:23:11,1146,64,20.3,54.884
20:23:20,1127,64,20.3,51.187
20:23:30,1091,63,20.4,50.052
20:23:41,1076,63,20.5,50.256
20:23:53,1047,63,20.4,49.500
21:0:6,1010,62,20.5,49.878
21:0:20,993,62,20.3,49.616
21:0:35,973,61,20.2,49.325
21:0:51,941,60,20.2,49.791
21:1:8,910,60,20.1,48.976
21:1:26,892,59,20.2,48.772
21:1:45,870,61,19.5,49.441
21:2:5,855,61,20.0,125.651
21:2:26,850,62,19.5,132.101
21:2:48,845,63,19.3,131.630
21:3:11,842,63,19.4,117.296
21:3:35,832,64,19.2,117.884
21:4:0,826,64,19.2,126.122
21:4:26,825,64,19.1,119.002
21:4:53,828,64,18.9,115.503
21:5:21,841,64,18.9,115.915
21:5:50,844,64,18.8,120.649
21:6:20,852,64,18.8,115.121
21:6:51,866,64,18.8,130.481
21:7:23,879,64,18.8,113.828
21:7:56,884,64,18.8,132.602
21:8:30,907,64,18.7,142.717
21:9:5,925,64,18.8,103.141
21:9:41,933,64,18.8,106.251
21:10:18,951,64,18.6,133.545
21:10:56,965,64,18.7,141.566
21:11:35,980,64,18.8,141.389
21:12:15,992,64,18.6,125.798
21:12:56,1002,64,18.7,101.674
21:13:38,1009,64,18.7,109.833
21:14:21,1017,64,18.7,112.447
21:15:5,1044,64,18.8,123.444
21:15:50,1051,65,18.8,103.904
21:16:36,1066,65,19.0,118.884
21:17:23,1074,66,19.1,119.414
21:18:11,1086,66,19.3,121.149
21:19:0,1104,66,19.6,134.016
21:19:50,1099,66,19.9,133.840
21:20:41,1094,66,20.0,132.749
21:21:33,1070,67,20.2,130.834
21:22:26,1047,68,20.0,106.897
21:23:20,1033,68,20.1,93.438
22:0:15,1012,68,20.0,92.588
22:1:11,987,68,20.1,92.998
22:2:8,966,69,20.0,93.350
22:3:6,953,69,19.9,122.002
22:4:5,941,69,20.0,121.002
22:5:5,910,69,20.1,122.826
22:6:6,897,69,20.0,124.650
22:7:8,890,70,20.0,128.890
22:8:11,873,70,19.9,126.505
22:9:15,861,70,19.9,124.032
22:10:20,840,70,20.1,121.884
22:11:26,835,70,20.0,121.237
22:12:33,822,70,20.1,119.325
22:13:41,817,70,20.0,117.002
22:14:50,808,70,20.1,120.678
22:16:0,797,70,20.2,120.590
22:17:11,789,70,20.0,122.649
22:18:23,782,70,19.8,134.429
22:19:36,778,70,19.8,131.070
22:20:50,781,71,19.7,122.885
22:22:5,777,70,20.0,97.218
22:23:21,773,71,19.8,92.822
23:0:38,772,70,19.9,92.881
23:1:56,772,70,19.9,97.833
23:3:15,770,71,19.6,99.504
23:4:35,772,71,19.6,101.381
23:5:56,768,71,19.4,108.424
23:7:18,777,71,19.4,105.723
23:8:41,771,71,19.3,101.469
23:10:5,771,70,19.5,108.277
23:11:30,766,70,19.5,104.667
23:12:56,768,70,19.4,116.209
23:14:23,765,69,19.5,115.533
23:15:51,766,69,19.5,114.416
23:17:20,760,69,19.5,112.712
23:18:50,759,68,19.5,112.124
23:20:21,756,67,19.9,110.127
23:21:53,759,68,19.4,107.337
23:23:26,750,67,19.4,105.547
24:1:0,747,68,19.1,104.315
24:2:35,753,67,19.1,104.021
24:4:11,748,67,19.0,103.786
24:5:48,751,67,18.8,102.173
24:7:26,741,67,18.6,100.208
24:9:6,746,67,18.8,99.182
24:10:46,746,67,18.8,96.866
24:12:27,746,68,18.7,94.639
24:14:9,748,68,18.9,93.877
24:15:52,742,68,19.0,98.888
24:17:36,740,69,19.1,98.126
24:19:21,741,69,19.0,98.390
24:21:7,747,70,19.2,97.540
24:22:54,742,70,19.4,95.283
25:0:42,743,70,19.4,99.446
25:2:31,750,70,19.6,98.801
25:4:21,765,71,19.5,97.130
25:6:12,762,71,19.5,102.496
25:8:4,768,71,19.5,101.880
25:9:57,772,72,19.3,100.970
25:11:51,773,72,19.6,105.107
25:13:46,779,72,19.6,98.126
25:15:42,774,72,19.5,104.784
25:17:39,776,72,19.7,109.246
25:19:37,769,72,19.6,118.767
25:21:36,769,71,19.8,120.237
25:23:36,771,72,19.6,117.238
26:1:37,772,71,19.9,107.778
26:3:39,771,72,19.9,103.610
26:5:42,770,72,19.7,103.024
26:7:46,770,71,19.9,106.105
26:9:51,766,72,19.6,105.811
26:11:57,772,72,20.0,102.848
26:14:4,782,72,20.0,68.439
26:16:12,783,72,19.9,66.689
26:18:21,790,72,20.1,69.782
26:20:31,811,72,20.2,0.346
26:22:42,838,73,19.9,37.320
27:0:54,866,73,20.1,37.408
27:3:7,876,73,20.0,37.175
27:5:21,875,73,20.0,37.408
27:7:36,871,73,20.1,37.408
27:9:52,865,74,19.7,37.466
27:12:9,866,73,19.9,26.904
27:14:27,868,73,20.0,28.412
27:16:46,877,73,20.0,29.514
27:19:6,892,72,20.3,30.500
27:21:27,898,73,20.1,31.544
27:23:49,899,73,20.1,32.183
28:2:12,899,73,20.1,31.196
28:4:36,902,73,20.1,31.138
28:7:1,908,73,20.2,31.834
28:9:27,907,73,20.1,31.950
28:11:54,912,73,20.0,32.183
28:14:22,908,73,20.2,32.095
28:16:51,912,73,20.1,32.415
28:19:21,911,73,20.1,32.473
28:21:52,914,73,20.2,32.531
29:0:24,905,73,20.1,32.705
29:2:57,899,73,20.2,32.676
29:5:31,902,73,20.1,32.821
29:8:6,910,73,20.0,32.618
29:10:42,916,73,20.0,32.589
29:13:19,910,73,19.9,32.647
29:15:57,905,73,20.0,32.763
29:18:36,905,73,19.9,32.705
29:21:16,903,73,20.0,32.937
29:23:57,903,73,20.0,32.879
30:2:39,905,73,19.9,33.285
30:5:22,900,73,19.9,32.589
30:8:6,892,73,19.9,32.241
30:10:51,883,73,19.9,32.473
30:13:37,885,73,19.8,33.982
30:16:24,882,73,19.8,33.517
30:19:12,875,73,19.8,33.866
30:22:1,877,73,19.6,34.272
31:0:51,875,73,19.6,33.721
31:3:42,871,73,19.5,32.647
31:6:34,874,72,19.7,32.241
31:9:27,872,72,19.7,31.950
31:12:21,877,71,19.8,31.718
31:15:16,870,71,19.6,31.892
31:18:12,872,71,19.6,31.718
31:21:9,865,70,19.6,31.573
32:0:7,867,70,19.5,34.446
32:3:6,860,70,19.5,32.531
32:6:6,865,70,19.2,32.676
32:9:7,855,70,19.1,32.821
32:12:9,855,70,19.1,33.169
32:15:12,854,70,19.1,33.692
32:18:16,854,70,19.1,33.343
32:21:21,855,70,19.0,33.488
33:0:27,854,70,19.1,33.053
33:3:34,860,71,19.0,32.821
33:6:42,860,71,19.1,32.792
33:9:51,865,71,19.4,33.285
33:13:1,862,72,19.4,33.227
33:16:12,857,72,19.5,32.705
33:19:24,853,72,19.9,32.589
33:22:37,854,73,19.6,32.647
34:1:51,859,73,19.8,32.531
34:5:6,855,73,19.8,32.415
34:8:22,863,74,19.8,31.863
34:11:39,863,73,20.3,30.442
34:14:57,862,74,20.0,32.066
34:18:16,863,73,20.2,33.053
34:21:36,859,73,20.2,35.433
35:0:57,858,75,19.8,33.750
35:4:19,864,74,20.1,32.647
35:7:42,859,75,20.0,32.357
35:11:6,858,75,19.8,32.647
35:14:31,857,74,20.1,34.098
35:17:57,860,75,20.0,33.401
35:21:24,859,74,20.2,32.589
36:0:52,863,74,20.2,32.444
36:4:21,878,74,20.1,32.357
36:7:51,862,74,19.9,33.517
36:11:22,865,74,19.7,33.866
36:14:54,865,74,19.4,33.633
36:18:27,864,74,19.4,33.140
36:22:1,867,73,19.2,32.676
37:1:36,862,73,19.1,31.399
37:5:12,860,72,19.2,33.227
37:8:49,855,72,19.0,32.241
37:12:27,856,71,19.0,31.486
37:16:6,851,71,18.9,30.848
37:19:46,846,71,18.8,29.920
37:23:27,835,71,18.6,32.821
38:3:9,826,70,18.5,30.674
38:6:52,827,70,18.3,30.964
38:10:36,823,69,18.0,30.500
38:14:21,822,68,17.9,29.804
38:18:7,816,67,17.7,29.021
38:21:54,808,66,17.6,26.527
39:1:42,800,65,17.4,29.862
39:5:31,798,64,17.3,30.094
39:9:21,795,63,17.4,28.702
39:13:12,790,63,17.2,28.934
39:17:4,788,63,17.3,28.238
39:20:57,781,63,17.1,27.948
40:0:51,775,63,17.3,27.716
40:4:46,769,64,17.2,26.904
40:8:42,774,64,17.3,24.817
40:12:39,771,65,17.4,27.890
40:16:37,771,65,17.6,28.180
40:20:36,770,65,18.2,27.861
41:0:36,775,64,18.9,27.368
41:4:37,781,64,19.4,27.252
41:8:39,798,64,19.5,27.136
41:12:42,802,64,19.7,29.978
41:16:46,804,64,19.8,29.050
41:20:51,804,64,19.9,30.036
42:0:57,804,64,19.9,29.920
42:5:4,802,64,19.9,30.268
42:9:12,805,64,20.0,32.908
42:13:21,800,63,20.0,31.950
42:17:31,799,64,20.0,29.398
42:21:42,797,63,19.9,26.730
43:1:54,800,63,20.0,30.906
43:6:7,800,63,19.9,30.674
43:10:21,800,63,20.1,30.036
43:14:36,799,63,20.1,27.020
43:18:52,793,63,20.1,30.558
43:23:9,789,62,20.2,34.040
44:3:27,800,63,20.1,32.821
44:7:46,798,62,20.2,34.678
44:12:6,797,61,20.3,35.491
44:16:27,798,61,20.4,32.531
44:20:49,799,60,20.7,36.362
45:1:12,792,59,20.8,0.000
45:5:36,789,59,20.7,0.000
45:10:1,788,59,20.6,0.000
45:14:27,779,58,20.7,0.000
45:18:54,777,58,20.5,0.000
45:23:22,777,58,20.4,0.000
46:3:51,773,57,20.4,0.000
46:8:21,766,57,20.4,0.000
46:12:52,771,57,20.3,0.000
46:17:24,769,56,20.3,0.000
46:21:58,770,56,20.3,0.000
47:2:32,766,56,20.4,0.000
47:7:7,765,56,20.2,0.000
47:11:43,767,57,19.9,0.000
47:16:20,767,57,19.7,0.000
47:20:58,763,58,19.7,0.000
48:1:37,754,58,19.7,0.000
48:6:17,746,58,19.9,0.000
48:10:58,746,59,19.7,0.000
48:15:40,742,60,19.8,0.000
48:20:23,744,60,19.9,0.000
49:1:7,742,60,19.9,0.000
49:5:52,740,60,20.1,0.000
49:10:38,742,61,19.9,0.000
49:15:25,742,61,20.0,0.000
49:20:13,735,61,20.1,0.000
50:1:2,732,62,20.0,0.000
50:5:52,725,62,20.1,0.000
50:10:43,729,62,20.0,0.000
50:15:35,725,62,19.9,0.000
50:20:28,724,62,20.0,0.000
51:1:22,724,62,20.0,0.000
51:6:17,723,63,20.0,0.000
51:11:13,723,62,20.1,0.000
51:16:10,721,63,20.0,0.000
51:21:8,716,62,20.2,0.000
52:2:7,715,63,20.1,0.000
52:7:7,715,63,20.0,0.000
52:12:8,719,63,20.1,0.000
52:17:10,716,63,20.0,0.000
52:22:13,718,63,20.1,0.000
53:3:17,720,63,20.3,0.000
53:8:22,707,63,20.1,0.000
53:13:28,707,63,20.2,0.000
53:18:35,706,63,20.1,0.000
53:23:43,709,63,20.1,0.000
54:4:52,710,63,20.1,0.000
54:10:2,703,63,20.1,0.000
54:15:13,703,62,20.3,0.000
54:20:25,705,63,20.1,0.000
55:1:38,706,62,20.2,0.000
55:6:52,708,62,20.3,0.000
55:12:7,705,62,20.0,0.000
55:17:23,703,62,20.0,0.000
55:22:40,708,62,20.2,0.000
56:3:58,711,62,20.2,0.000
56:9:17,705,62,20.3,0.000
56:14:37,707,61,20.3,0.000
56:19:58,706,62,20.1,0.000
57:1:20,703,62,20.0,0.000
57:6:43,699,61,19.9,0.000
57:12:7,695,61,20.2,0.000
57:17:32,693,60,20.3,0.000
57:22:58,690,60,20.3,0.000
58:4:25,688,59,20.2,0.000
58:9:53,687,59,20.1,0.000
58:15:22,691,59,20.0,0.000
58:20:52,689,58,20.0,0.000
59:2:23,686,58,19.8,0.000
59:7:55,684,57,19.9,0.000
59:13:28,685,57,19.8,0.000
59:19:2,683,57,19.7,0.000
60:0:37,680,57,19.8,0.000
60:6:13,680,57,19.6,0.000
60:11:50,674,57,19.6,0.000
60:17:28,671,57,19.6,0.000
60:23:7,668,58,19.2,0.000
61:4:47,670,57,19.3,0.000
61:10:28,671,58,19.0,0.000
61:16:10,672,58,19.2,0.000
61:21:53,674,58,19.4,0.000
62:3:37,675,58,19.3,0.000
62:9:22,673,58,19.6,0.000
62:15:8,672,59,19.5,0.000
62:20:55,672,59,19.4,0.000
63:2:43,671,60,19.5,0.000
63:8:32,670,60,19.5,0.000
63:14:22,666,60,19.6,0.000
63:20:13,670,61,19.6,0.000
64:2:5,673,61,19.5,0.000
64:7:58,675,61,19.6,0.000
64:13:52,675,62,19.5,0.000
64:19:47,672,62,19.5,0.000
65:1:43,674,61,19.8,0.000
65:7:40,675,62,19.7,0.000
65:13:38,681,62,19.8,0.000
65:19:37,679,62,19.8,0.000
66:1:37,676,62,19.7,0.000
66:7:38,677,62,19.9,0.000
66:13:40,678,62,19.9,0.000
66:19:43,681,62,19.9,0.000
67:1:47,678,62,19.8,0.000
67:7:52,683,62,19.7,0.000
67:13:58,672,62,19.6,0.000
67:20:5,685,62,19.6,0.000
68:2:13,685,62,19.7,0.000
68:8:22,685,62,19.6,0.000
68:14:32,685,62,19.6,0.000
68:20:43,685,62,19.7,0.000
69:2:55,687,62,19.5,0.000
69:9:8,689,62,19.5,0.000
69:15:22,685,62,19.5,0.000
69:21:37,680,62,19.4,0.000
70:3:53,684,61,19.6,0.000
70:10:10,683,60,19.6,0.000
70:16:28,685,60,19.6,0.000
70:22:47,684,59,19.5,0.000
71:5:7,685,59,19.3,0.000
71:11:28,682,59,19.3,0.000
71:17:50,681,59,19.3,0.000
72:0:13,682,59,19.2,0.000
72:6:37,685,59,19.2,0.000
72:13:2,686,59,19.2,0.000
72:19:28,687,60,19.2,0.000
73:1:55,685,60,19.2,0.000
73:8:23,686,60,19.2,0.000
73:14:52,686,60,19.2,0.000
73:21:22,685,60,19.2,0.000
74:3:53,683,60,19.4,0.000
74:10:25,685,61,19.4,0.000
74:16:58,686,61,19.3,0.000
74:23:32,687,60,19.6,0.000
75:6:7,690,61,19.6,0.000
75:12:43,690,61,19.5,0.000
75:19:20,690,61,19.5,0.000
76:1:58,691,61,19.6,0.000
76:8:37,690,61,19.5,0.000
76:15:17,686,61,19.5,0.000
76:21:58,689,61,19.4,0.000
77:4:40,687,61,19.4,0.000
77:11:23,692,61,19.4,0.000
77:18:7,692,61,19.5,0.000
78:0:52,694,61,19.5,0.000
78:7:38,692,60,19.6,0.000
78:14:25,692,60,19.6,0.000
78:21:13,691,60,19.6,0.000
79:4:2,691,60,19.5,0.000
79:10:52,690,60,19.4,0.000
79:17:43,693,60,19.5,0.000
80:0:35,696,60,19.5,0.000
80:7:28,695,60,19.4,0.000
80:14:22,695,60,19.2,0.000
80:21:17,696,60,19.2,0.000
81:4:13,697,60,19.1,0.000
81:11:10,698,59,19.4,0.000
81:18:8,698,59,19.2,0.000
82:1:7,694,58,19.3,0.000
82:8:7,688,58,19.1,0.000
82:15:8,690,59,19.1,0.000
82:22:10,691,59,18.9,0.000
83:5:13,690,59,19.0,0.000
83:12:17,683,59,19.1,0.000
83:19:22,681,59,19.0,0.000
84:2:28,692,59,19.0,0.000
84:9:35,692,60,19.0,0.000
84:16:43,693,60,19.0,0.000
84:23:52,696,60,19.2,0.000
85:7:2,698,61,19.0,0.000
85:14:13,695,61,19.1,0.000
85:21:25,698,61,19.1,0.000
86:4:38,700,61,19.2,0.000
86:11:52,698,61,19.3,0.000
86:19:7,701,62,19.3,0.000
87:2:23,699,62,19.5,0.000
87:9:40,703,62,19.7,0.000
87:16:58,716,62,19.5,0.000
88:0:17,712,62,19.7,0.000
88:7:37,711,62,19.7,0.000
88:14:58,712,63,19.7,0.000
88:22:20,713,63,19.7,0.000
89:5:43,709,63,19.6,0.000
89:13:7,711,63,19.7,0.000
89:20:33,714,64,19.7,0.000
90:3:59,715,64,19.6,0.000
90:11:26,713,64,19.6,0.000
90:18:54,714,64,19.6,0.000
91:2:23,713,63,19.6,0.000
91:9:53,714,63,19.6,0.000
91:17:24,714,63,19.5,0.000
92:0:56,718,63,19.6,0.000
92:8:29,719,63,19.5,0.000
92:16:3,720,63,19.4,0.000
92:23:38,719,63,19.5,0.000
93:7:14,717,63,19.5,0.000
93:14:51,720,63,19.4,0.000
93:22:29,721,63,19.3,0.000
94:6:8,726,63,19.3,0.000
94:13:48,724,63,19.4,0.000
94:21:29,725,63,19.5,0.000
95:5:11,730,63,19.4,0.000
95:12:54,729,63,19.4,0.000
95:20:38,731,63,19.4,0.000
96:4:23,724,63,19.4,0.000
96:12:9,725,63,19.3,0.000
96:19:56,725,63,19.3,0.000
97:3:44,723,63,19.4,0.000
97:11:33,723,63,19.4,0.000
97:19:23,724,63,19.5,0.000
98:3:14,719,63,19.2,0.000
98:11:6,727,63,19.2,0.000
98:18:59,726,63,19.3,0.000
99:2:53,726,63,19.4,0.000
99:10:48,724,63,19.4,0.000
99:18:44,723,64,19.3,0.000
100:2:41,726,63,19.3,0.000
100:10:39,725,63,19.4,0.000
100:18:38,724,63,19.4,0.000
101:2:38,730,63,19.4,0.000
101:10:39,733,63,19.4,0.000
101:18:41,734,63,19.3,0.000
102:2:44,733,63,19.5,0.000
102:10:48,732,63,19.4,0.000
102:18:53,732,64,19.2,0.000
103:2:59,735,63,19.3,0.000
103:11:6,741,64,19.2,0.000
103:19:14,741,63,19.3,0.000
104:3:23,734,63,19.3,0.000
104:11:33,739,63,19.4,0.000
104:19:44,739,63,19.4,0.000
105:3:56,738,63,19.5,0.000
105:12:9,737,63,19.4,0.000
105:20:23,736,63,19.5,0.000
106:4:38,733,63,19.2,0.000
106:12:54,738,63,19.3,0.000
106:21:11,738,63,19.2,0.000
107:5:29,735,63,19.2,0.000
107:13:48,732,63,19.4,0.000
107:22:8,729,63,19.2,0.000
108:6:29,731,63,19.5,0.000
108:14:51,729,63,19.6,0.000
108:23:14,730,63,19.4,0.000
109:7:38,731,63,19.5,0.000
109:16:3,722,63,19.2,0.000
110:0:29,722,63,19.4,0.000
110:8:56,725,63,19.4,0.000
110:17:24,717,63,19.2,0.000
111:1:53,720,63,19.2,0.000
111:10:23,727,63,19.2,0.000
111:18:54,736,63,19.1,0.000
112:3:26,737,63,19.2,0.000
112:11:59,731,64,19.1,0.000
112:20:33,731,64,19.1,0.000
113:5:8,734,64,19.2,0.000
113:13:44,736,63,19.2,0.000
113:22:21,739,63,19.2,0.000
114:6:59,745,64,19.0,0.000
114:15:38,741,63,19.3,0.000
115:0:18,742,64,19.2,0.000
115:8:59,740,64,19.1,0.000
115:17:41,740,63,19.2,0.000
116:2:24,733,64,19.1,0.000
116:11:8,733,63,19.3,0.000
116:19:53,738,63,19.3,0.000
117:4:39,738,63,19.3,0.000
117:13:26,739,63,19.4,0.000
117:22:14,738,63,19.3,0.000
118:7:3,739,64,19.2,0.000
118:15:53,733,63,19.2,0.000
119:0:44,736,64,19.1,0.000
119:9:36,737,64,19.1,0.000
119:18:29,736,64,19.4,0.000
120:3:23,741,64,19.3,0.000
120:12:18,745,64,19.4,0.000
120:21:14,743,64,19.3,0.000
121:6:11,743,64,19.4,0.000
121:15:9,746,64,19.4,0.000
122:0:8,748,64,19.3,0.000
122:9:8,750,64,19.3,0.000
122:18:9,748,65,19.2,0.000
123:3:11,751,65,19.2,0.000
123:12:14,751,64,19.4,0.000
123:21:18,753,64,19.3,0.000
124:6:23,754,65,19.3,0.000
124:15:29,758,64,19.5,0.000
125:0:36,755,64,19.3,0.000
125:9:44,763,64,19.5,0.000
125:18:53,760,65,19.3,0.000
126:4:3,761,65,19.2,0.000
126:13:14,758,65,19.2,0.000
126:22:26,762,65,19.0,0.000
127:7:39,762,65,19.1,0.000
127:16:53,762,65,19.1,0.000
128:2:8,762,65,19.1,0.000
128:11:24,764,65,19.2,0.000
128:20:41,765,65,19.2,0.000
129:5:59,765,65,19.3,0.000
129:15:18,759,65,19.1,0.000
130:0:38,757,65,19.0,0.000
130:9:59,759,66,18.9,0.000
130:19:21,754,65,19.2,0.000
131:4:44,756,65,19.2,0.000
131:14:8,758,65,19.3,0.000
131:23:33,759,65,19.1,0.000
132:8:59,762,66,19.0,0.000
132:18:26,764,66,19.0,0.000
133:3:54,761,65,19.2,0.000
133:13:23,760,65,19.1,0.000
133:22:53,760,67,18.7,0.000
134:8:24,757,67,18.7,0.000
134:17:56,763,67,18.6,0.000
135:3:29,764,67,18.9,0.000
135:13:3,766,67,18.9,0.000
135:22:38,765,68,18.5,0.000
136:8:14,767,67,18.8,0.000
136:17:51,767,68,18.7,0.000
137:3:29,767,67,18.9,0.000
137:13:8,769,67,19.0,0.000
137:22:48,773,67,19.0,0.000
138:8:29,778,67,19.0,0.000
138:18:11,777,67,19.0,0.000
139:3:54,776,67,18.7,0.000
139:13:38,775,67,18.8,0.000
139:23:23,772,68,18.6,0.000
140:9:9,771,68,18.5,0.000
140:18:56,772,67,18.7,0.000
141:4:44,772,67,19.0,0.000
141:14:33,772,67,19.0,0.000
142:0:23,774,67,19.1,0.000
142:10:14,773,66,19.3,0.000
142:20:6,774,66,19.1,0.000
143:5:59,773,67,18.8,0.000
143:15:53,773,67,18.9,0.000
144:1:48,775,67,18.9,0.000
144:11:44,778,68,18.4,0.000
144:21:41,778,68,18.5,0.000
145:7:39,779,69,18.2,0.000
145:17:38,781,68,18.4,0.000
146:3:38,780,68,18.6,0.000
146:13:39,779,69,18.3,0.000
146:23:41,778,68,18.6,0.000
147:9:44,778,69,18.6,0.000
147:19:48,778,68,18.8,0.000
148:5:53,780,68,18.6,0.000
148:15:59,781,68,18.7,0.000
149:2:6,780,68,18.7,0.000
149:12:14,779,68,18.8,0.000
149:22:23,781,69,18.5,0.000
150:8:33,781,69,18.6,0.000
150:18:44,782,69,18.6,0.000
151:4:56,784,69,18.5,0.000
151:15:9,786,69,18.6,0.000
152:1:23,787,69,18.5,0.000
152:11:38,787,69,18.6,0.000
152:21:55,789,69,18.5,0.000
153:8:12,786,69,18.6,0.000
153:18:30,787,68,19.1,0.000
154:4:49,788,68,18.8,0.000
154:15:9,785,68,18.8,0.000
155:1:30,786,69,18.6,0.000
155:11:52,787,69,18.4,0.000
155:22:15,787,69,18.6,0.000
156:8:39,786,69,18.8,0.000
156:19:4,789,69,18.6,0.000
157:5:30,789,69,18.6,0.000
157:15:57,791,69,18.6,0.000
158:2:25,791,68,18.8,0.000
158:12:54,793,69,18.9,0.000
158:23:24,790,66,20.0,0.000
159:9:55,788,65,20.7,0.000
159:20:27,786,64,20.9,0.000
160:7:0,787,63,21.3,0.000
160:17:34,790,63,21.5,0.000
161:4:9,795,62,21.8,0.000
161:14:45,800,62,21.9,0.000
162:1:22,806,61,21.9,0.000
162:12:0,817,61,21.9,0.000
162:22:39,822,61,21.9,0.000
163:9:19,833,61,21.9,0.000
163:20:0,844,61,21.9,0.000
164:6:42,854,61,21.9,0.000
164:17:25,860,61,22.0,0.000
165:4:9,864,60,22.1,0.000
165:14:54,869,60,22.2,0.000
166:1:40,873,60,22.3,0.000
166:12:27,880,60,22.3,0.000
166:23:15,885,60,22.2,0.000
167:10:4,893,60,22.3,0.000
167:20:54,899,60,22.4,0.000
168:7:45,909,60,22.3,0.087
168:18:37,913,60,22.0,0.000
169:5:30,921,61,21.2,0.000
169:16:24,925,62,20.5,0.000
170:3:19,930,61,20.5,0.000
170:14:15,938,61,20.4,0.000
171:1:12,936,60,20.1,0.000
171:12:10,936,60,20.0,0.000
171:23:9,926,59,19.9,0.000
172:10:9,918,59,19.7,0.000
172:21:10,918,59,19.8,0.000
173:8:12,915,59,19.6,0.000
173:19:15,886,60,19.2,0.000
174:6:19,889,61,18.5,0.058
174:17:24,890,61,18.6,0.058
175:4:30,890,63,18.3,0.058
175:15:37,890,63,18.2,0.115
176:2:45,885,64,18.2,0.115
176:13:54,885,64,18.2,0.202
177:1:4,886,65,18.2,0.173
177:12:15,879,66,18.0,0.202
177:23:27,875,67,17.8,0.231
178:10:40,876,67,18.1,0.260
178:21:54,876,67,18.1,0.289
179:9:9,875,67,18.2,0.289
179:20:25,874,68,18.2,0.346
180:7:42,873,68,18.2,0.404
180:19:0,873,68,18.3,0.404
181:6:19,874,69,18.2,0.462
181:17:39,873,69,18.2,24.063
182:5:0,874,69,18.1,24.527
182:16:22,871,70,18.0,25.223
183:3:45,870,69,18.2,25.976
183:15:9,870,70,18.1,26.353
184:2:34,870,70,18.1,26.846
184:14:0,869,70,18.1,27.542
185:1:27,865,70,17.9,27.832
185:12:55,865,70,18.1,28.238
186:0:24,866,70,18.0,28.122
186:11:54,869,71,17.8,28.354
186:23:25,869,70,18.1,28.383
187:10:57,869,71,17.8,28.702
187:22:30,866,70,18.3,28.876
188:10:4,860,70,18.2,28.760
188:21:39,863,71,17.9,28.992
189:9:15,864,70,17.9,29.050
189:20:52,863,71,17.8,28.760
190:8:30,862,71,17.8,29.311
190:20:9,859,70,18.1,29.572
191:7:49,859,71,17.8,29.804
191:19:30,858,70,18.1,29.108
192:7:12,857,71,17.8,29.166
192:18:55,855,71,17.9,29.978
193:6:39,856,70,18.1,30.616
193:18:24,856,71,17.8,30.616
194:6:10,854,70,18.0,30.848
194:17:57,851,70,18.0,30.442
195:5:45,850,70,17.8,31.254
195:17:34,847,70,17.8,31.312
196:5:24,846,71,17.6,31.544
196:17:15,845,70,17.6,31.718
197:5:7,842,70,17.8,31.834
197:17:0,842,70,17.8,32.066
198:4:54,835,70,18.4,32.386
198:16:49,836,70,18.5,32.502
199:4:45,838,71,18.6,32.531
199:16:42,841,71,18.9,32.415
200:4:40,843,72,18.6,32.763
200:16:39,844,71,19.1,32.183
201:4:39,847,72,18.8,32.154
201:16:40,850,72,18.8,32.589
202:4:42,851,72,19.1,32.908
202:16:45,853,73,18.8,33.227
203:4:49,855,73,18.9,33.169
203:16:54,864,73,18.9,33.401
204:5:0,866,74,18.9,33.459
204:17:7,867,73,19.1,33.517
205:5:15,871,74,19.1,33.779
205:17:24,874,74,19.1,34.156
206:5:34,878,73,19.3,34.069
206:17:45,883,74,19.0,34.156
207:5:57,886,74,19.3,34.069
207:18:10,894,74,19.4,34.156
208:6:24,895,74,19.3,34.330
208:18:39,897,74,19.3,34.562
209:6:55,901,74,19.3,34.417
209:19:12,905,73,19.9,34.678
210:7:30,911,74,19.6,35.143
210:19:49,917,74,19.6,35.056
211:8:9,921,73,19.9,35.143
211:20:30,931,74,19.8,35.433
212:8:52,934,73,19.7,35.607
212:21:15,934,74,19.7,40.051
213:9:39,936,74,19.6,40.312
213:22:4,944,74,19.7,40.022
214:10:30,947,74,19.5,40.254
214:22:57,950,74,19.8,40.603
215:11:25,957,75,19.6,40.864
215:23:54,967,74,20.0,40.719
216:12:24,969,74,19.8,76.089
217:0:55,976,74,19.9,75.914
217:13:27,984,73,20.3,76.148
218:2:0,986,74,20.2,76.148
218:14:34,991,74,20.1,76.352
219:3:9,997,73,20.4,76.499
219:15:45,1005,73,20.3,76.586
220:4:22,1009,73,20.4,76.645
220:17:0,1015,74,20.2,76.878
221:5:39,1019,73,20.4,76.732
221:18:19,1030,73,20.4,77.024
222:7:0,1032,74,20.2,77.258
222:19:42,1038,73,20.4,77.375
223:8:25,1045,73,20.6,77.726
223:21:9,1049,73,20.5,78.836
224:9:54,1067,73,20.6,80.766
224:22:40,1077,73,20.6,81.643
225:11:27,1093,73,20.7,82.930
226:0:15,1098,73,21.0,82.345
226:13:4,1118,73,20.8,83.398
227:1:54,1118,73,21.0,84.919
227:14:45,1124,72,21.0,87.464
228:3:37,1125,73,20.6,88.342
228:16:30,1126,73,20.7,89.367
229:5:24,1126,73,20.5,90.480
229:18:19,1125,73,20.6,92.412
230:7:15,1126,73,20.9,94.668
230:20:12,1128,73,20.8,97.950
231:9:10,1131,72,20.9,114.563
231:22:9,1131,72,21.1,137.112
232:11:9,1127,72,21.3,145.757
233:0:10,1126,71,21.5,147.056
233:13:12,1124,71,21.5,147.942
234:2:15,1123,70,21.7,148.149
234:15:19,1125,70,21.7,150.689
235:4:24,1123,70,21.7,151.842
235:17:31,1122,69,21.9,151.251
236:6:38,1120,70,21.8,153.733
236:19:46,1121,69,22.1,152.906
237:8:55,1119,69,22.2,156.276
237:22:5,1117,68,22.2,157.518
238:11:16,1116,68,22.3,155.625
239:0:28,1114,68,22.3,158.228
239:13:41,1115,68,22.5,161.956
240:2:55,1134,67,22.7,158.997
240:16:10,1183,67,23.0,158.553
241:5:26,1221,66,23.3,168.351
241:18:43,1232,66,23.2,170.247
242:8:1,1236,66,23.4,175.672
242:21:20,1266,65,23.5,168.173
243:10:40,1298,65,23.6,167.374
244:0:1,1316,65,23.9,162.814
244:13:23,1338,65,23.9,162.696
245:2:46,1360,64,24.0,139.383
245:16:10,1393,64,24.2,137.318
246:5:35,1404,64,24.1,149.626
246:19:1,1404,63,24.3,149.183
247:8:28,1383,63,24.1,152.787
247:21:56,1370,63,24.2,153.674
248:11:25,1354,63,24.2,158.701
249:0:55,1352,63,24.1,160.387
249:14:26,1336,63,24.3,165.153
250:3:58,1326,63,24.3,169.240
250:17:31,1316,62,24.4,169.773
251:7:5,1310,62,24.6,175.998
251:20:40,1303,62,24.7,177.659
252:10:16,1295,61,24.8,180.151
252:23:53,1287,61,24.9,184.128
253:13:31,1279,61,25.0,183.980
254:3:10,1273,61,25.1,186.504
254:16:50,1263,61,25.0,186.385
255:6:31,1259,60,25.2,189.237
255:20:13,1248,60,25.2,198.454
256:9:56,1236,60,25.2,201.161
256:23:40,1229,60,25.3,204.287
257:13:25,1224,60,25.4,208.099
258:3:11,1211,59,25.5,206.997
258:16:58,1208,59,25.7,215.790
259:6:46,1202,59,25.6,207.623
259:20:35,1196,59,25.7,206.908
260:10:25,1189,59,25.8,208.695
261:0:16,1184,58,25.9,207.027
261:14:8,1179,58,26.0,211.526
262:4:1,1175,58,26.1,214.567
262:17:55,1173,57,26.3,211.824
263:7:50,1176,57,26.4,217.520
263:21:46,1186,58,26.3,210.006
264:11:43,1202,58,26.3,205.597
265:1:41,1238,58,26.3,203.930
265:15:40,1283,60,24.5,197.412
266:5:40,1255,60,23.5,211.348
266:19:41,1254,60,22.9,221.399
267:9:43,1259,60,22.7,213.404
267:23:46,1285,59,22.6,224.922
268:13:50,1308,60,22.5,210.841
269:3:55,1347,60,22.9,231.674
269:18:1,1352,61,23.5,230.628
270:8:8,1373,62,23.7,221.429
270:22:16,1408,62,23.4,239.600
271:12:25,1444,62,23.0,214.329
272:2:35,1433,61,22.8,228.805
272:16:46,1392,61,22.8,235.382
273:6:58,1408,61,23.6,214.269
273:21:11,1458,62,23.9,229.373
274:11:25,1466,62,23.6,218.833
275:1:40,1441,62,23.1,218.505
275:15:56,1472,61,22.7,219.967
276:6:13,1470,61,22.9,209.291
276:20:31,1504,61,23.4,172.855
277:10:50,1501,62,23.6,207.027
278:1:10,1527,63,23.8,222.533
278:15:31,1544,63,23.0,70.599
279:5:53,1545,63,22.0,63.830
279:20:16,1554,63,21.6,148.621
280:10:40,1566,63,22.3,95.576
281:1:5,1593,64,22.8,196.758
281:15:31,1592,64,23.4,190.752
282:5:58,1621,65,23.7,141.566
282:20:26,1613,65,23.3,197.234
283:10:55,1618,64,22.9,197.680
284:1:25,1615,63,22.8,213.643
284:15:56,1617,63,23.1,203.394
285:6:28,1664,63,23.4,189.385
285:21:1,1655,63,23.9,215.253
286:11:35,1685,63,24.2,191.317
287:2:10,1642,63,23.7,221.996
287:16:46,1653,63,23.2,210.781
288:7:23,1658,62,23.0,203.037
288:22:1,1722,62,23.6,224.086
289:12:40,1724,63,23.7,166.841
290:3:20,1712,63,23.6,194.527
290:18:1,1711,64,23.2,200.269
291:8:43,1720,63,23.0,127.064
291:23:26,1787,63,22.2,65.843
292:14:10,1754,63,21.9,62.664
293:4:55,1713,64,22.2,180.329
293:19:41,1711,64,23.0,200.269
294:10:28,1766,64,23.4,185.138
295:1:16,1811,64,23.4,212.719
295:16:5,1805,62,23.7,1659.882
296:6:55,1811,57,26.0,1650.550
296:21:46,1775,55,27.3,1670.593
297:12:38,1735,54,28.0,1660.362
298:3:31,1732,53,28.9,1671.486
298:18:25,1745,53,28.8,1668.052
299:9:20,1683,52,27.8,1649.349
300:0:16,1647,53,26.7,319.423
300:15:13,1580,53,25.3,328.170
301:6:11,1537,52,26.2,1644.995
301:21:10,1536,51,27.4,1656.141
302:12:10,1513,51,28.1,1670.559
303:3:11,1482,51,28.2,1687.671
303:18:13,1489,51,27.3,1693.414
304:9:16,1418,51,26.7,1706.765
305:0:20,1371,50,26.9,1705.595
305:15:25,1370,51,27.2,1678.872
306:6:31,1354,50,28.1,1685.437
306:21:38,1341,51,27.7,1694.377
307:12:46,1295,51,26.8,1679.525
308:3:55,1258,51,26.6,1670.250
308:19:5,1227,51,26.2,1650.961
309:10:16,1221,51,26.6,1651.991
310:1:28,1221,50,27.4,1656.519
310:16:41,1184,52,27.3,1651.270
311:7:55,1169,52,26.7,1657.068
311:23:10,1147,52,26.2,1664.516
312:14:26,1119,51,25.9,1649.693
313:5:43,1077,51,26.4,1646.263
313:21:1,1093,51,26.6,1640.470
314:12:20,1068,51,27.3,1634.781
315:3:40,1060,52,26.8,1641.224
315:19:1,1041,52,26.2,1630.979
316:10:23,971,51,26.0,1639.065
317:1:46,942,51,25.5,1635.295
317:17:10,969,51,25.6,1652.025
318:8:35,978,51,25.6,1633.445
319:0:1,999,51,26.2,1618.277
319:15:28,962,51,26.9,1620.091
320:6:56,977,53,26.2,1635.398
320:22:25,960,53,25.8,1629.575
321:13:55,929,52,25.7,1627.862
322:5:26,912,52,25.2,1635.364
322:20:58,932,52,26.0,1664.584
323:12:31,909,52,26.3,1643.143
324:4:5,914,53,26.3,1642.835
324:19:40,893,53,25.7,1620.022
325:11:16,903,53,25.0,1598.441
326:2:53,910,52,25.2,1622.761
326:18:31,906,52,25.3,1633.514
327:10:10,907,52,26.1,1628.410
328:1:50,917,52,26.6,414.478
328:17:31,910,54,25.6,438.369
329:9:13,934,55,24.5,475.154
330:0:56,947,55,23.8,524.602
330:16:40,953,56,23.5,1699.193
331:8:25,913,54,24.4,1464.855
332:0:11,921,54,24.7,1605.175
332:15:58,930,54,24.9,1650.619
333:7:46,939,53,25.8,1661.632
333:23:35,924,53,26.0,1650.687
334:15:25,943,53,26.6,1632.692
335:7:16,931,54,26.6,1635.124
335:23:8,925,53,26.9,1629.061
336:15:1,933,53,27.1,1575.936
337:6:56,969,54,27.0,1594.614
337:22:51,974,53,27.5,1570.307
338:14:47,952,55,26.6,375.104
339:6:44,964,56,25.9,361.982
339:22:42,961,56,25.8,376.871
340:14:41,957,57,25.4,332.259
341:6:41,954,57,25.4,312.347
341:22:42,962,58,24.9,332.290
342:14:44,955,58,24.9,1558.203
343:6:47,952,56,25.5,1570.273
343:22:51,948,57,25.3,1559.532
344:14:56,951,56,25.7,1575.800
345:7:2,966,56,25.5,520.971
345:23:9,965,57,24.5,374.342
346:15:17,950,57,24.4,1032.341
347:7:26,956,57,25.2,1591.027
347:23:36,951,57,25.1,1577.506
348:15:47,953,56,25.3,1593.247
349:7:59,950,56,25.7,1561.441
350:0:12,959,55,26.0,1477.150
350:16:26,953,54,26.7,1547.369
351:8:41,963,55,25.9,503.618
352:0:57,952,55,26.1,715.813
352:17:14,971,56,25.6,432.873
353:9:32,977,56,25.3,389.499
354:1:51,989,56,25.5,418.736
354:18:11,1010,56,25.5,1495.698
355:10:32,990,54,26.2,1450.136
356:2:54,1006,54,25.7,1435.669
356:19:17,1023,54,24.8,1438.237
357:11:41,1005,54,24.7,1417.641
358:4:6,1010,54,24.4,1403.242
358:20:32,1027,53,24.5,1396.099
359:12:59,1039,53,24.5,1379.537
360:5:27,1037,53,24.5,1333.192
360:21:56,1043,53,24.4,1346.105
361:14:26,1046,53,24.4,1317.044
362:6:57,1039,54,24.5,1301.117
362:23:29,1057,54,24.8,905.864
363:16:2,1096,55,24.4,357.177
364:8:36,1086,56,24.1,327.413
365:1:11,1100,57,24.2,329.866
365:17:47,1077,58,24.0,353.925
366:10:24,1074,57,24.9,1314.935
367:3:2,1101,57,25.2,1276.196
367:19:41,1113,57,25.8,1281.671
368:12:21,1097,57,25.9,1280.135
369:5:2,1090,58,25.6,1273.226
369:21:44,1076,57,26.0,1261.820
370:14:27,1070,58,25.7,1213.213
371:7:11,1076,58,25.7,1202.260
371:23:56,1077,58,26.0,1209.760
372:16:42,1065,58,25.8,1203.023
373:9:29,1066,58,25.9,1216.235
374:2:17,1083,58,25.9,853.101
374:19:6,1071,59,25.3,460.913
375:11:56,1067,59,25.3,445.436
376:4:47,1057,60,24.7,399.029
376:21:39,1050,60,24.8,416.806
377:14:32,1050,61,24.7,947.112
378:7:26,1043,60,24.9,1096.505
379:0:21,1041,60,24.9,386.264
379:17:17,1029,61,24.5,898.919
380:10:14,1036,61,24.5,344.056
381:3:12,1032,62,24.4,317.426
381:20:11,1035,62,24.1,295.925
382:13:11,1021,62,24.3,297.312
383:6:12,1005,62,24.2,303.226
383:23:14,1004,63,23.9,310.474
384:16:17,1009,62,24.1,483.025
385:9:21,994,63,24.0,523.950
386:2:26,1027,63,24.2,519.359
386:19:32,1007,63,24.4,526.433
387:12:39,990,63,24.0,540.382
388:5:47,1001,63,24.1,556.378
388:22:56,1003,63,23.9,532.954
389:16:6,979,63,24.0,365.359
390:9:17,971,63,24.0,335.533
391:2:29,987,64,23.6,309.598
391:19:42,968,64,23.5,289.956
392:12:56,980,64,23.4,283.933
393:6:11,981,64,23.2,293.995
393:6:12,2782,73,21.7,2236.448
393:6:14,2418,73,23.2,2126.516
393:6:17,2084,71,24.9,2126.516
393:6:21,1841,67,27.0,2577.110
393:6:26,1660,62,29.3,2260.112
393:6:32,1550,58,31.2,2238.792
393:6:39,1523,54,32.4,2138.345
393:6:47,1494,51,33.5,2322.144
393:6:56,1472,48,34.6,2290.783
393:7:6,1476,45,35.5,2285.513
393:7:17,1487,43,36.3,2291.922
393:7:29,1498,41,37.0,2289.145
393:7:42,1499,40,37.5,2298.048
393:7:56,1514,38,37.9,2288.290
393:8:11,1526,37,38.2,2304.034
393:8:27,1534,36,38.4,2305.459
393:8:44,1535,34,38.6,2324.284
393:9:2,1526,34,38.7,2333.560
393:9:21,1487,33,38.7,2342.841
393:9:41,1469,32,38.8,2341.199
393:10:2,1437,31,38.8,2308.809
393:10:24,1399,31,38.7,2285.584
393:10:47,1380,30,38.6,2286.723
393:11:11,1356,30,38.6,2292.705
393:11:36,1311,29,38.7,2331.419
393:12:2,1296,29,38.9,2343.484
393:12:29,1268,29,39.0,2345.983
393:12:57,1239,28,39.1,2354.484
393:13:26,1221,28,39.0,2361.630
393:13:56,1203,28,39.0,2374.357
393:14:27,1175,27,38.9,2359.557
393:14:59,1141,27,38.9,2363.345
393:15:32,1122,27,38.9,2352.340
393:16:6,1097,27,38.9,2353.984
393:16:41,1090,26,38.9,2378.720
393:17:17,1082,26,38.7,2382.010
393:17:54,1080,26,38.6,2391.242
393:18:32,1095,26,38.5,2407.211
393:19:11,1131,26,38.4,2456.341
393:19:51,1140,26,38.7,2472.360
393:20:32,1154,26,39.1,2472.792
393:21:14,1166,26,39.4,2474.013
393:21:57,1177,25,39.7,2470.564
393:22:41,1194,25,39.9,2479.188
393:23:26,1244,25,40.2,2508.755
394:0:12,1274,25,40.5,2542.544
394:0:59,1280,25,40.8,2554.589
394:1:47,1301,25,41.2,2580.287
394:2:36,1315,25,41.5,2596.690
394:3:26,1336,24,41.6,2599.943
394:4:17,1347,24,41.5,2631.703
394:5:9,1358,24,41.4,2643.580
394:6:2,1368,24,41.1,1624.952
394:6:56,1392,24,40.8,1926.959
394:7:51,1399,24,40.5,2690.135
394:8:47,1405,24,40.4,2166.483
394:9:44,1418,24,40.4,2724.060
394:10:42,1434,24,40.6,2232.259
394:11:41,1450,24,40.7,2391.457
394:12:41,1460,24,41.0,2744.279
394:13:42,1469,24,41.3,2750.246
394:13:43,1496,23,41.5,1818.426
394:13:45,1498,24,40.4,1777.878
394:13:48,1509,24,40.1,2385.159
394:13:52,1522,24,40.1,1467.733
394:13:57,1537,25,40.0,1446.687
394:14:3,1548,25,39.8,1469.257
394:14:10,1556,25,39.7,1476.337
394:14:18,1563,25,39.5,1579.178
394:14:27,1567,25,39.4,1585.323
394:14:37,1568,25,39.3,2729.513
394:14:48,1573,24,39.6,2741.805
394:15:0,1574,24,39.6,2435.384
394:15:13,1580,24,39.7,1582.865
394:15:27,1589,23,39.7,2722.097
394:15:28,1736,30,28.1,1760.078
394:15:30,1771,32,28.7,1886.802
394:15:33,1759,31,29.9,1650.413
394:15:37,1751,31,31.2,1664.893
394:15:42,1743,30,32.1,1628.376
394:15:48,1744,29,32.9,1618.824
394:15:55,1743,29,33.6,1591.266
394:16:3,1742,29,34.1,1612.734
394:16:12,1740,28,34.6,1617.524
394:16:22,1738,28,35.0,1570.239
394:16:34,1736,28,35.3,1596.903
394:16:46,1737,28,35.5,1596.835
394:16:59,1740,28,35.7,1604.594
394:17:13,1749,28,35.9,1579.485
394:17:28,1762,28,36.1,1676.673
394:17:44,1782,28,36.3,1706.180
394:18:1,1805,27,36.5,1818.600
394:18:19,1810,27,36.8,1888.230
394:18:38,1812,27,37.0,1864.396
394:18:58,1812,27,37.2,1881.755
394:19:19,1813,27,37.4,1914.156
394:19:41,1827,27,37.5,1999.252
394:20:4,1841,27,37.7,1992.174
394:20:28,1844,27,37.8,1995.572
394:20:53,1854,27,38.1,2917.515
394:21:19,1852,26,38.8,2955.881
394:21:20,753,49,21.8,911.779
394:21:22,747,49,22.1,1117.963
394:21:25,740,47,23.4,1528.685
394:21:29,733,45,24.7,991.549
394:21:34,730,43,25.9,985.395
394:21:40,726,41,27.0,952.012
394:21:47,728,40,27.7,890.978
394:21:55,726,39,28.4,819.850
394:22:4,723,38,28.8,792.874
394:22:14,722,37,29.2,774.963
394:22:25,722,37,29.4,775.920
394:22:37,722,36,29.7,812.546
394:22:50,724,36,29.8,955.972
394:23:4,725,36,30.0,1487.320
394:23:19,726,35,30.2,1395.930
394:23:35,725,35,30.4,2042.766
394:23:52,724,35,30.7,1858.799
395:0:10,725,34,30.9,1677.429
395:0:29,726,34,30.9,1087.073
395:0:49,727,34,30.7,1007.522
395:1:10,728,34,30.5,892.334
395:1:32,726,34,30.3,743.880
395:1:55,723,35,30.0,722.124
395:2:19,722,35,29.8,732.345
395:2:44,723,36,29.6,717.399
395:3:10,720,36,29.4,679.868
395:3:37,720,36,29.2,644.659
395:4:5,721,36,29.1,594.119
395:4:34,721,36,29.1,528.792
395:5:4,722,35,29.2,487.257
395:5:35,722,34,29.2,466.952
395:6:7,720,34,29.3,445.005
395:6:40,721,33,29.4,422.383
395:7:14,720,33,29.4,396.890
395:7:49,718,32,29.4,379.645
395:8:25,716,32,29.3,362.499
395:9:2,716,32,29.2,354.594
395:9:40,712,31,29.1,356.813
395:10:19,712,31,29.1,360.248
395:10:59,713,31,29.0,370.473
395:11:40,712,31,28.9,381.566
395:12:22,712,31,28.9,394.995
395:13:5,710,31,28.9,411.661
395:13:49,709,31,28.9,440.888
395:14:34,710,31,28.9,463.963
395:15:20,712,32,28.9,491.676
395:16:7,712,32,29.0,507.953
395:16:55,713,32,29.0,529.569
395:17:44,713,33,29.0,541.688
395:18:34,714,33,29.0,557.904
395:19:25,714,33,29.0,570.281
395:20:17,713,34,29.0,579.865
395:21:10,712,34,29.0,596.340
395:22:4,711,34,29.1,623.574
395:22:59,713,34,29.1,680.310
395:23:55,744,34,29.2,734.219
396:0:52,774,35,29.4,846.416
396:1:50,792,35,29.6,903.990
396:2:49,813,35,29.8,858.150
396:3:49,825,38,27.1,499.625
396:4:50,830,40,25.0,501.234
396:5:52,843,41,23.9,525.440
396:6:55,868,43,23.4,595.151
396:7:59,892,43,23.5,695.609
396:9:4,902,44,23.3,759.886
396:10:10,908,44,23.4,915.627
396:11:17,918,45,23.6,889.236
396:12:25,929,45,23.6,692.952
396:13:34,932,46,22.9,649.411
396:14:44,932,47,22.5,642.300
396:15:55,939,48,22.0,644.439
396:17:7,959,48,22.0,649.159
396:18:20,978,49,21.7,701.843
396:19:34,993,48,22.2,722.537
396:20:49,1005,47,23.0,709.855
396:22:5,1029,46,23.8,685.744
396:23:22,1054,45,24.1,1279.834
397:0:40,1074,43,25.0,1526.916
397:1:59,1089,41,26.3,1486.031
397:3:19,1099,40,26.7,1446.247
397:4:40,1129,39,26.8,1444.895
397:6:2,1145,38,27.1,1444.422
397:7:25,1163,37,27.2,1415.144
397:8:49,1169,37,27.1,1393.438
397:10:14,1185,36,27.5,1383.944
397:11:40,1204,36,27.6,1377.081
397:13:7,1229,35,27.7,1196.323
397:14:35,1228,36,27.2,1114.636
397:16:4,1231,35,27.2,1270.791
397:17:34,1231,36,27.1,1024.008
397:19:5,1246,36,26.8,1415.751
397:20:37,1255,37,26.7,971.372
397:22:10,1266,37,26.6,1376.105
397:23:44,1274,38,26.4,864.585
398:1:19,1278,40,25.3,1387.276
398:2:55,1292,40,25.2,1415.245
398:4:32,1282,41,24.8,634.755
398:6:10,1234,42,24.5,634.440
398:7:49,1245,44,23.8,676.395
398:9:29,1239,44,23.7,610.401
398:11:10,1246,45,23.9,555.132
398:12:52,1247,46,23.7,489.822
398:14:35,1241,46,24.2,447.280
398:16:19,1228,47,23.9,417.510
398:18:4,1216,47,23.8,397.317
398:19:50,1185,48,23.7,375.225
398:21:37,1169,49,23.3,351.312
398:23:25,1150,49,23.3,336.381
399:1:14,1123,49,23.4,327.716
399:3:4,1109,50,23.2,312.498
399:4:55,1069,50,23.2,315.189
399:6:47,1061,50,22.8,318.666
399:8:40,1037,50,22.6,321.026
399:10:34,1026,50,22.3,307.151
399:12:29,1007,50,22.4,306.003
399:14:25,997,50,22.1,304.645
399:16:22,997,50,21.8,294.749
399:18:20,1012,49,21.8,295.925
399:20:19,1027,48,21.8,295.412
399:22:19,1036,48,21.8,301.475
400:0:20,1050,47,22.7,306.698
400:2:22,1079,46,23.2,308.722
400:4:25,1101,45,23.6,321.359
400:6:29,1104,44,24.0,327.049
400:8:34,1123,43,24.4,335.836
400:10:40,1134,43,24.6,325.929
400:12:47,1149,43,24.8,332.532
400:14:55,1165,43,24.9,330.078
400:17:4,1181,43,25.2,340.566
400:19:14,1189,44,24.4,347.789
400:21:25,1200,45,23.6,333.835
400:23:37,1204,46,23.2,338.929
401:1:50,1227,47,22.7,351.677
401:4:4,1238,48,22.7,346.393
401:6:19,1243,48,22.7,366.150
401:8:35,1262,49,22.7,391.727
401:10:52,1272,49,22.8,382.938
401:13:10,1279,50,22.7,392.277
401:15:29,1298,50,23.1,390.292
401:17:49,1320,50,23.2,397.623
401:20:10,1324,50,23.1,397.440
401:22:32,1328,50,23.2,406.306
402:0:55,1344,51,23.3,409.029
402:3:19,1365,51,23.2,417.020
402:5:44,1365,51,23.4,436.035
402:8:10,1377,51,23.1,462.484
402:10:37,1394,51,23.4,455.802
402:13:5,1401,51,23.7,472.594
402:15:34,1420,51,23.5,470.713
402:18:4,1426,51,23.6,495.634
402:20:36,1441,51,23.6,481.543
402:23:8,1451,51,23.6,478.302
403:1:41,1464,51,23.7,471.854
403:4:15,1476,51,23.8,473.427
403:6:50,1478,50,23.8,456.787
403:9:26,1497,50,23.9,441.686
403:12:3,1504,50,23.6,424.743
403:14:41,1505,49,23.7,414.386
403:17:20,1516,49,23.5,423.149
403:20:0,1518,48,23.5,410.131
403:22:41,1528,48,23.6,405.266
404:1:23,1544,47,23.4,423.180
404:4:6,1567,45,24.4,422.352
404:6:50,1581,43,25.5,423.394
404:9:35,1559,42,25.8,432.474
404:12:21,1551,41,26.1,440.826
404:15:8,1526,42,25.1,430.049
404:17:56,1437,43,24.2,423.793
404:20:45,1338,43,23.6,412.855
404:23:35,1249,43,23.1,399.609
405:2:26,1173,44,22.7,388.644
405:5:18,1087,44,22.2,395.148
405:8:11,1024,45,21.9,390.231
405:11:5,966,45,21.6,386.203
405:14:0,923,46,21.1,386.508
405:16:56,879,46,21.0,381.810
405:19:53,842,47,21.0,377.846
405:22:51,802,48,20.8,359.944
406:1:50,778,48,20.8,341.659
406:4:50,750,49,20.6,343.722
406:7:51,730,49,20.6,347.091
406:10:53,712,50,20.4,367.612
406:13:56,690,50,20.4,361.313
406:17:0,678,51,20.4,361.587
406:20:5,671,52,20.3,369.134
406:23:11,657,52,20.4,390.506
407:2:18,646,53,20.6,373.915
407:5:26,632,53,20.6,382.389
407:8:35,622,54,20.6,381.017
407:11:45,615,54,20.6,382.084
407:14:56,613,55,20.7,394.720
407:18:8,607,55,20.8,391.789
407:21:21,601,55,20.7,420.299
408:0:35,588,55,20.8,405.266
408:3:50,579,56,20.8,376.993
408:7:6,576,56,20.7,372.880
408:10:23,569,56,20.8,354.047
408:13:41,567,56,20.8,351.981
408:17:0,563,57,20.7,363.290
408:20:20,560,56,20.9,324.960
408:23:41,564,57,20.6,332.502
409:3:3,594,56,20.7,336.412
409:6:26,615,56,20.5,348.640
409:9:50,629,56,20.4,346.636
409:13:15,652,55,20.6,378.029
409:16:41,670,53,21.0,347.243
409:20:8,684,52,21.6,354.290
409:23:36,701,51,21.9,363.655
410:3:5,724,50,22.1,330.623
410:6:35,740,49,22.4,367.185
410:10:6,757,48,22.6,375.469
410:13:38,773,47,22.5,313.375
410:17:11,788,46,22.6,283.963
410:20:45,809,46,22.6,276.169
411:0:20,814,45,22.6,269.556
411:3:56,826,45,22.5,264.870
411:7:33,847,45,22.5,235.561
411:11:11,859,44,22.5,240.887
411:14:50,870,44,22.6,246.396
411:18:30,877,44,22.8,262.768
411:22:11,896,44,22.8,272.952
412:1:53,906,44,22.8,283.361
412:5:36,924,44,22.9,297.463
412:9:20,932,44,23.0,289.444
412:13:5,939,44,23.1,302.683
412:16:51,948,44,23.2,346.454
412:20:38,959,44,23.2,339.171
413:0:26,978,44,23.4,332.017
413:4:15,997,45,23.4,319.423
413:8:5,1002,45,23.4,309.235
413:11:56,1024,45,23.7,299.484
413:15:48,1029,45,23.7,317.305
413:19:41,1037,45,23.8,314.917
413:23:35,1050,45,24.0,310.685
414:3:30,1059,46,24.0,324.748
414:7:26,1067,46,23.6,325.112
414:11:23,1075,48,22.5,332.259
414:15:21,1088,49,22.0,347.061
414:19:20,1094,49,21.8,338.019
414:23:20,1113,50,21.5,326.202
415:3:21,1125,50,21.6,323.053
415:7:23,1139,50,21.5,327.655
415:11:26,1145,50,21.6,322.751
415:15:30,1148,48,22.9,332.441
415:19:35,1175,47,23.9,321.298
415:23:41,1185,46,24.3,336.745
416:3:48,1202,46,24.3,335.745
416:7:56,1210,46,24.3,334.957
416:12:5,1221,46,24.5,336.290
416:16:15,1223,46,24.3,370.473
416:20:26,1226,47,24.3,356.965
417:0:38,1231,47,24.3,379.553
417:4:51,1252,47,24.2,376.048
417:9:5,1253,48,24.3,384.494
417:13:20,1259,49,24.1,360.370
417:17:36,1270,49,24.3,325.687
417:21:53,1290,49,24.6,310.293
418:2:11,1294,49,24.7,320.300
418:6:30,1296,48,25.0,326.292
418:10:50,1296,49,24.9,307.091
418:15:11,1303,50,24.6,329.200
418:19:33,1306,49,24.9,320.572
418:23:56,1310,50,24.6,317.457
419:4:20,1318,50,24.9,302.502
419:8:45,1331,50,25.0,302.049
419:13:11,1347,50,24.9,296.045
419:17:38,1355,50,24.8,289.474
419:22:6,1374,50,24.7,272.621
420:2:35,1379,50,24.7,273.102
420:7:5,1387,50,24.9,267.693
420:11:36,1393,50,24.8,278.064
420:16:8,1410,50,24.9,276.049
420:20:41,1425,49,25.2,280.742
421:1:15,1430,49,25.2,295.503
421:5:50,1432,49,25.0,307.242
421:10:26,1434,49,25.0,315.975
421:15:3,1444,50,24.8,333.775
421:19:41,1454,49,25.0,332.381
422:0:20,1467,49,25.0,342.629
422:5:0,1476,49,25.3,347.729
422:9:41,1482,49,25.3,357.360
422:14:23,1494,49,25.3,363.807
422:19:6,1502,48,25.6,345.391
422:23:50,1516,48,25.4,351.009
423:4:35,1522,48,25.5,354.837
423:9:21,1530,48,25.7,361.465
423:14:8,1540,48,25.6,380.895
423:18:56,1560,47,25.9,365.846
423:23:45,1572,47,25.9,376.414
424:4:35,1586,48,25.7,382.206
424:9:26,1590,47,25.9,386.721
424:14:18,1599,48,25.6,393.651
424:19:11,1606,47,25.9,408.631
425:0:5,1622,47,26.1,397.073
425:5:0,1623,47,25.9,406.306
425:9:56,1627,47,26.1,397.073
425:14:53,1629,47,26.1,404.715
425:19:51,1641,46,26.2,392.124
426:0:50,1642,46,26.3,392.918
426:5:50,1657,46,26.5,393.041
426:10:51,1667,46,26.6,386.264
426:15:53,1675,46,26.6,404.471
426:20:56,1676,46,26.4,411.386
427:2:0,1684,46,26.5,391.819
427:7:5,1688,46,26.4,383.853
427:12:11,1702,45,26.7,380.377
427:17:18,1707,45,26.7,373.946
427:22:26,1723,46,26.5,357.633
428:3:35,1728,45,26.4,358.302
428:8:45,1736,46,26.4,357.877
428:13:56,1740,46,26.2,349.490
428:19:8,1754,45,26.6,361.952
429:0:21,1758,46,26.2,349.824
429:5:35,1770,45,26.6,349.156
429:10:50,1771,45,26.7,354.989
429:16:6,1779,45,26.6,349.308
429:21:24,1787,45,27.0,348.275
430:2:42,1802,45,26.7,341.234
430:8:1,1815,45,26.8,321.298
430:13:21,1815,45,27.0,311.078
430:18:42,1822,45,26.8,294.116
431:0:4,1826,44,27.2,292.940
431:5:27,1832,44,27.3,290.077
431:10:51,1847,44,27.2,283.391
431:16:16,1859,44,27.1,279.779
431:21:42,1869,44,27.3,272.441
432:3:9,1890,44,27.4,277.794
432:8:37,1890,44,27.4,280.381
432:14:6,1896,43,27.5,289.354
432:19:36,1897,43,27.6,328.382
433:1:7,1897,44,27.3,294.809
433:6:39,1902,43,27.4,304.796
433:12:12,1912,44,27.3,316.398
433:17:46,1928,44,27.1,330.805
433:23:21,1928,44,27.0,354.077
434:4:57,1935,44,27.1,334.926
434:10:34,1945,44,27.3,329.290
434:16:12,1948,44,27.3,325.354
434:21:51,1948,44,27.2,322.267
435:3:31,1957,43,27.5,318.394
435:9:12,1961,44,27.2,324.839
435:14:54,1967,44,27.1,317.971
435:20:37,1978,44,27.3,372.666
436:2:21,1987,44,27.1,367.398
436:8:6,1992,44,27.5,357.603
436:13:52,2004,44,27.3,347.182
436:19:39,2012,45,26.3,332.017
437:1:27,2005,45,26.2,315.279
437:7:16,2008,46,25.7,312.347
437:13:6,2011,47,25.4,321.873
437:18:57,2022,47,25.6,337.716
438:0:49,2027,47,25.5,346.636
438:6:42,2031,47,25.4,365.542
438:12:36,2025,48,25.4,346.939
438:18:31,2033,48,25.3,341.598
439:0:27,2039,48,25.5,294.658
439:6:24,2044,48,25.2,285.559
439:12:22,2051,48,25.1,352.163
439:18:21,2049,48,25.2,321.389
440:0:21,2050,48,25.4,245.617
440:6:22,2068,48,25.7,234.724
440:12:24,2067,48,25.4,219.788
440:18:27,2074,48,25.7,218.475
441:0:31,2075,48,25.6,208.159
441:6:36,2079,48,25.4,213.404
441:12:42,2078,49,25.2,224.743
441:18:49,2078,48,25.3,223.310
442:0:57,2085,48,25.4,250.201
442:7:6,2092,48,25.3,252.569
442:13:16,2097,48,25.5,260.067
442:19:27,2108,48,25.7,286.281
443:1:39,2110,48,25.7,319.120
443:7:52,2117,48,25.6,321.480
443:14:6,2119,48,25.8,322.993
443:20:21,2125,48,25.5,347.121
444:2:37,2141,48,25.8,330.078
444:8:54,2141,48,25.9,340.020
444:8:55,2276,45,28.0,413.713
444:8:57,2051,46,28.3,1332.421
444:9:0,1848,45,29.3,2086.600
444:9:4,1716,42,31.0,1748.614
444:9:9,1626,41,32.1,1577.745
444:9:15,1534,39,32.9,1335.405
444:9:22,1471,38,33.2,1292.727
444:9:30,1417,36,33.4,1137.315
444:9:39,1345,36,33.4,1037.377
444:9:49,1289,35,33.4,996.958
444:10:0,1242,34,33.5,886.139
444:10:12,1196,33,33.7,823.920
444:10:25,1159,33,33.9,823.086
444:10:39,1110,32,34.2,739.874
444:10:54,1072,31,34.3,646.831
444:11:10,1033,31,34.2,578.678
444:11:27,989,31,34.0,544.704
444:11:45,953,31,33.6,505.104
444:12:4,923,31,33.3,454.109
444:12:24,891,31,32.9,408.264
444:12:45,863,32,32.5,373.672
444:13:7,845,32,32.0,353.956
444:13:30,839,33,31.6,342.812
444:13:54,825,33,31.3,24.759
444:13:55,450,0,0.0,51.769
444:13:57,450,0,0.0,53.778
444:14:0,450,0,0.0,54.302
444:14:4,450,0,0.0,57.127
444:14:9,450,0,0.0,57.914
444:14:15,450,0,0.0,58.496